"Username","Password"
"0","0"
"ADMIN","ADMIN"
"ADMIN","Password@_"
"Admin","Admin"
"Administrator","Admin@9000"
"admin","!QAZ2wsx"
"admin","1"
"admin","12"
"admin","123"
"admin","123123"
"admin","1234"
"admin","12345"
"admin","123456"
"admin","12345678"
"admin","123456789"
"admin","1q2w3e"
"admin","1qaz2wsx"
"admin","1qaz@WSX"
"admin","6"
"admin","7ujMko0123456"
"admin","@dm1n"
"admin","NoPassGst1234"
"admin","P@ssw0rd"
"admin","Password@_"
"admin","Xpon@Olt9417#"
"admin","admin"
"admin","admin1"
"admin","admin123"
"admin","admin1234"
"admin","admin123456"
"admin","admin@123"
"admin","password"
"admin","rmb123456"
"admin","witribe"
"airflow","123456"
"albert","admin"
"alibaba","9ijn0okm"
"amanda","amanda"
"amandabackup","123456"
"ampache","ampache"
"apache","123"
"apache","apache123"
"app","123456"
"app","app"
"app","app123"
"app","app123456"
"ark","123456"
"ark","ark"
"ark","ark123"
"arkserver","123456"
"arkserver","arkserver"
"arkserver","arkserver123"
"avalanche","avalanche"
"awsgui","awsgui"
"azureuser","azureuser"
"bigdata","bigdata"
"bin","123456"
"bin","bin"
"bin","bin123"
"bit-tensor","bit-tensor"
"bittensor","bittensor"
"bot","bot"
"brodie","brodie"
"centos","123"
"centos","123456"
"centos","centos"
"centos","centos123456"
"chain","chain"
"cli","cli"
"cloud","123456"
"cloud","cloud"
"data","data"
"deepspeed","deepspeed"
"dell","123456"
"dell","P@ssw0rd"
"dell","dell"
"dell","dell123"
"dell","dell@123"
"dell","password"
"demo","demo"
"demo","demo123"
"demo","demo123456"
"deploy","123456"
"deploy","deploy"
"deploy","deploy123"
"dev","123456"
"dev","dev"
"developer","123456"
"developer","developer"
"docker","123456"
"docker","docker"
"docker","docker123"
"dolphin","123"
"dolphin","123456"
"dolphin","dolphin"
"dolphin","dolphin123"
"dolphin","dolphinscheduler"
"dolphinscheduler","1"
"dolphinscheduler","123"
"dolphinscheduler","123456"
"dolphinscheduler","dolphin"
"dolphinscheduler","dolphinscheduler"
"dolphinscheduler","dolphinscheduler123!"
"dolphinscheduler","dolphinscheduler123"
"dolphinscheduler","dolphinscheduler@123"
"ds","123"
"ds","123456"
"ds","ds"
"ds","ds123"
"ds","ds123456"
"dst","dst"
"dstserver","123456"
"dstserver","dstserver"
"eSightMgmt","Huawei12#$"
"ec2-user","123456"
"ec2-user","ec2-user"
"elastic","123456"
"elastic","elastic"
"elastic","elastic123"
"elasticsearch","elasticsearch"
"elk","elk123"
"elsearch","123456"
"elsearch","elsearch"
"emby","emby"
"es","123"
"es","123456"
"es","es"
"es","es123"
"es","es123456"
"esadmin","esadmin"
"esroot","esroot"
"esuser","123"
"esuser","123456"
"esuser","esuser"
"esuser","esuser123"
"ethnode","ethnode"
"ethnode","ethnode123"
"factorio","123456"
"factorio","factorio"
"factorio","factorio123"
"fc2mgmt","fc2HW@CLOUD8!"
"fil","123456"
"fil","fil"
"flussonic","flussonic"
"ftp","123"
"ftp","123456"
"ftp","ftp"
"ftp","ftp123"
"ftpuser","123456"
"ftpuser","abc123"
"ftpuser","ftpuser"
"ftpuser","ftpuser123"
"gbase","gbase"
"gerbera","gerbera"
"git","123"
"git","123123"
"git","123456"
"git","git"
"git","git123"
"git","git123123"
"git","git123456"
"gitlab","123456"
"gitlab","gitlab"
"gitlab","gitlab123"
"gitlab-psql","123"
"gitlab-psql","gitlab-psql"
"gitlab-runner","gitlab-runner"
"gmod","gmod"
"gmod","gmod123"
"gmodserver","gmodserver"
"gns3","gns3"
"goeth","goeth"
"gpadmin","gpadmin"
"grid","123456"
"grid","grid"
"guest","123456"
"guest","guest"
"guest","guest123"
"hadoop","1"
"hadoop","123"
"hadoop","123123"
"hadoop","123456"
"hadoop","1qaz@WSX"
"hadoop","admin"
"hadoop","hadoop!"
"hadoop","hadoop"
"hadoop","hadoop123"
"hadoop","hadoop123."
"hadoop","hadoop123123"
"hadoop","hadoop123456"
"hallie","hallie"
"hikvision","hikvision"
"hive","hive"
"jack","123"
"jack","jack"
"jack","jack123"
"jenkins","jenkins"
"jito","123456"
"jito","jito"
"jito","sol123"
"jito","solana"
"jito","solana123!"
"jito","solana123"
"jito","stake"
"jito-validator","jito"
"jito-validator","jito-validator"
"jtzcgapt","BqsntsX#nN2"
"jumpnext","jumpnext"
"jumpserver","jumpserver"
"jupyter","jupyter"
"kodi","kodi"
"kodi","kodi123"
"kodi","kodi@123"
"kubernetes","kubernetes"
"latitude","latitude"
"latitude","sol"
"latitude","solana"
"latitude","validator"
"lenovo","123456"
"lenovo","P@ssw0rd"
"lenovo","lenovo"
"lenovo","lenovo@123"
"lenovo","password"
"lighthouse","123456"
"lighthouse","lighthouse"
"lighthouse","lighthouse123"
"lsb","lsb"
"madsonic","madsonic"
"mapr","123"
"mapr","123456"
"mapr","mapr"
"mapr","mapr123"
"master","123456"
"master","master"
"master","master123"
"minecraft","minecraft"
"mongodb","123456"
"mongodb","mongodb"
"mysql","123"
"mysql","123123"
"mysql","123456"
"mysql","mysql"
"mysql","mysql123"
"mysql","mysql123123"
"mysql","mysql123456"
"nexus","nexus"
"nft","nft"
"nginx","123456"
"nginx","nginx"
"nginx","nginx123"
"node","1"
"node","123456"
"node","1234567890"
"node","Node123"
"node","node"
"node","node123"
"node","node123456"
"node","node@123"
"node1","node1"
"nvidia","nvidia"
"nvidia","nvidia123"
"odoo","123"
"odoo","odoo"
"odoo","odoo123"
"oegadmin","oegadmin"
"omsagent","123"
"omsagent","123456"
"omsagent","oms"
"omsagent","omsagent"
"oneadmin","oneadmin"
"opc","123"
"opc","123456"
"opc","opc"
"opc","opc123"
"opc","opc123456"
"oracle","!QAZ@wsx"
"oracle","123"
"oracle","123123"
"oracle","123456"
"oracle","123qwe"
"oracle","1qaz@WSX"
"oracle","abc123"
"oracle","oracle"
"oracle","oracle123"
"oracle","oracle123123"
"oracle","oracle123456"
"orgadmin","orgadmin"
"oscar","123456"
"oscar","oscar"
"oscar","oscar123"
"otis","otis"
"pal","palworld"
"palworld","123456"
"palworld","Palworld"
"palworld","Palworld123"
"palworld","pal"
"palworld","palworld"
"palworld","palworld123!"
"palworld","palworld123"
"palworld","server"
"paper","paper"
"paperclip","paperclip"
"pi","Raspberry"
"pi","pi"
"pi","raspberry"
"pi","raspberryraspberry993311"
"plex","plex"
"postgres","123"
"postgres","123123"
"postgres","123456"
"postgres","postgres"
"postgres","postgres123"
"postgres","postgres123123"
"postgres","postgres123456"
"qiniu","Qiniupass1!"
"rancher","rancher"
"ranger","123"
"ranger","123456"
"ranger","ranger"
"ranger","ranger123"
"red5","red5"
"root","!123"
"root","!@#123qwe"
"root","!@#abc123"
"root","!@#qaz"
"root","!@#qwe1234"
"root","!@#qwer1234"
"root","!ASDFG"
"root","!Q2w3e4r"
"root","!QAZ1qaz"
"root","!QAZ2wsx"
"root","!QAZ2wsx#EDC"
"root","!QAZ3edc"
"root","!QAZ@WSX"
"root","!QAZ@WSX#EDC"
"root","!QAZWSXEDC@#"
"root","!QWE2asd3zxc"
"root","!QWERTY*"
"root","!Qwerty7"
"root","!W@S#X$"
"root","$Y$TEM"
"root","------fuck------"
"root","---fuck_you----"
"root","0"
"root","09220922"
"root","0FFICE"
"root","1"
"root","100827092"
"root","11111"
"root","111111"
"root","11111111"
"root","111aaa"
"root","111qqq!"
"root","12"
"root","12-qw"
"root","123!@#$"
"root","123"
"root","123123"
"root","123123q"
"root","123321"
"root","1234"
"root","1234$abcd"
"root","1234.com"
"root","12345!@#$%^&"
"root","12345"
"root","123456!@#$%"
"root","123456"
"root","123456.com"
"root","1234567"
"root","12345678"
"root","123456789"
"root","1234567890"
"root","1234567890987654321"
"root","12345678Aa"
"root","1234567@a"
"root","123456@abc"
"root","123456_qwerty"
"root","123456aA"
"root","1234Qwer"
"root","123AAA"
"root","123QWEasd"
"root","123qaz"
"root","123qwe"
"root","123qwe@#"
"root","12qwefg"
"root","1336"
"root","1349"
"root","1352"
"root","135555"
"root","1362"
"root","1363"
"root","136313631363"
"root","137979"
"root","1387"
"root","13871387"
"root","1397"
"root","1424"
"root","1459"
"root","1466"
"root","1902"
"root","1905"
"root","1909"
"root","1917"
"root","1922"
"root","1923"
"root","1941"
"root","1963"
"root","1975"
"root","1994"
"root","1998"
"root","1999"
"root","1a!!"
"root","1a2s3d4f5g6h7j8k"
"root","1q2!@#$%"
"root","1q2w3e"
"root","1q2w3e$R%T^Y"
"root","1q2w3e4r"
"root","1qaz1qaz"
"root","1qaz2wsx!@#$%"
"root","1qaz2wsx"
"root","1qaz2wsx#EDC"
"root","1qaz2wsx3"
"root","1qaz2wsx3edc"
"root","1qaz2wsx5555555555"
"root","1qaz3edc5tgb"
"root","1qaz@WSX"
"root","1qaz@WSX3edc"
"root","1qaz@WSX3edc$RFV5tgb^YHN"
"root","1qaz@wsx3edc"
"root","1qazsedc"
"root","1qq2w3e4r5t"
"root","234wersdfxcv"
"root","321"
"root","33337777"
"root","360"
"root","369.963"
"root","3edc"
"root","3edc5tgb7ujm"
"root","520456"
"root","56565656"
"root","585858"
"root","6858316"
"root","789456"
"root","87654321"
"root","88885555"
"root","951753"
"root","987654321"
"root","@#admin123"
"root","@WSX2wsx"
"root","@bc123"
"root","@dm1n1str@t0r"
"root","@dm1n1str@tor1"
"root","@wsxzaq!"
"root","A1b2c3d4e5"
"root","AAAaaa111"
"root","Aa123456"
"root","Aa1234567"
"root","Admin.12"
"root","Admin.123"
"root","Admin2014"
"root","Administrator1"
"root","Alejandro1"
"root","Aspnet123!"
"root","Bb123456!"
"root","Dell@123"
"root","Facebook1"
"root","Hello123+"
"root","HpejnT0h"
"root","HuaWei@root"
"root","Huawei12#$"
"root","Huawei123!"
"root","Huawei123"
"root","Huawei@123"
"root","LGpzQTgbw)W6"
"root","Lenovo@123"
"root","M@$ter1"
"root","MarVqZe9vs"
"root","Master123"
"root","Michael1"
"root","NiuLink2022++"
"root","P$ssw0rd"
"root","P$ssword"
"root","P@$$worD@123"
"root","P@SsWoRd"
"root","P@s$w0rd"
"root","P@ssw0rD123"
"root","P@ssw0rd"
"root","P@ssw0rd12"
"root","P@ssw0rd123"
"root","P@ssw0rd2016"
"root","P@ssw0rd@123"
"root","P@ssword"
"root","PASS1"
"root","PASSW0RD1"
"root","PASSWORD1234"
"root","Pa55w0rd!@"
"root","Pa55w0rd"
"root","Pa55w0rd123"
"root","Pa55word!@#"
"root","Passw0rd"
"root","Passw0rd.1234"
"root","Passw0rd3"
"root","Password!"
"root","Password"
"root","Password-1"
"root","Password1"
"root","Password12"
"root","Password123"
"root","Password123321"
"root","Password1234"
"root","Password2011"
"root","Password@123"
"root","Password@12345"
"root","QAZwsx"
"root","QW@12"
"root","QWE!asd!"
"root","QWERTY"
"root","QWERTY123"
"root","QWEqwe123"
"root","Qaz123"
"root","Qaz123456789"
"root","Qwepoi123"
"root","Qwerty"
"root","Qwerty123!"
"root","Qwerty7"
"root","ROOT520"
"root","Root123!@#"
"root","Root@123"
"root","Rootroot"
"root","Server1"
"root","Server@2016"
"root","Telecom@2017"
"root","Test12345!"
"root","Test123456!"
"root","Tits"
"root","Trekker12"
"root","USER@123"
"root","Vps12345"
"root","Welcome2014"
"root","Wellc0me@123"
"root","XSW@-ZAQ!"
"root","Xinghe@root!"
"root","Xx123456"
"root","Y4yhl9t"
"root","ZAQ!XSW@"
"root","ZAQ!ZAQ!"
"root","ZAQ!zaq!"
"root","Zz123456"
"root","`1qaz@WSX#"
"root","a123456"
"root","aaaaaa"
"root","abc-123"
"root","abc123!@#"
"root","abc123"
"root","abc123456"
"root","abcd!@#1234"
"root","abcd12345"
"root","abcde@12345"
"root","abcdefghijk"
"root","abcdefghijklmn"
"root","admin!@#$%"
"root","admin"
"root","admin$123"
"root","admin01"
"root","admin123"
"root","admin888"
"root","admin_12345"
"root","admin_win7"
"root","administrator"
"root","administrator_1234567890"
"root","adminpass"
"root","ans#150"
"root","apple123"
"root","asd123!@#"
"root","asdqwe!@#"
"root","avax"
"root","azerty"
"root","b5wq02w0"
"root","bonuscloud2019"
"root","bysl@2021"
"root","calvin"
"root","calvin1idrac"
"root","centos"
"root","cliwallet"
"root","database"
"root","dell"
"root","dell@123"
"root","dev"
"root","devops"
"root","documents"
"root","eve"
"root","fake"
"root","fdk23E4ej#Md%28@1"
"root","ftp3"
"root","g89zh3HiwqWeTT."
"root","guest"
"root","http"
"root","huawei"
"root","huawei123!@#"
"root","huawei123"
"root","huawei@123"
"root","jkdf4512"
"root","lenovo"
"root","lenovo@123"
"root","lucky"
"root","m46vyx6d"
"root","maomao19870511"
"root","mysystem"
"root","nihao"
"root","nihao123456"
"root","nihao3389"
"root","oracle"
"root","osmandoa123"
"root","p2ssw0rd"
"root","p@$$word123"
"root","p@551"
"root","p@55w0rd"
"root","p@ssw0rd"
"root","p@ssw0rd02"
"root","p@ssword"
"root","paperclip"
"root","pass123!"
"root","pass@1"
"root","pass@12345"
"root","pass_12345"
"root","passw0rd"
"root","passw0rd1"
"root","passwd"
"root","password!@Support1"
"root","password"
"root","password02"
"root","password123"
"root","password1234567"
"root","q"
"root","q1w2Q!W@"
"root","q1w2e"
"root","q1w2e3r4"
"root","qa123123"
"root","qaz@123"
"root","qazWSX"
"root","qazwsx"
"root","qazwsx123"
"root","qwe123!@#"
"root","qwe@QWE"
"root","qweasdzxc"
"root","qwer1234"
"root","qwerty!"
"root","qwerty"
"root","qwerty-123456"
"root","qwerty.11"
"root","qwerty1!@#123QAZ"
"root","qwerty123"
"root","qwerty2011"
"root","qwerty@123"
"root","qwertyqwerty"
"root","redhat"
"root","root DaFenYun@025"
"root","root!123"
"root","root!@#"
"root","root"
"root","root1"
"root","root11root"
"root","root12"
"root","root123!"
"root","root123"
"root","root123123"
"root","root1234"
"root","root12345"
"root","root123456"
"root","root1234567"
"root","root12345678"
"root","root123456789"
"root","root123@"
"root","root@123"
"root","rootroot"
"root","server1"
"root","soloadmin1str@t0r1"
"root","sys"
"root","tencent"
"root","test"
"root","test2"
"root","teste123"
"root","toor"
"root","ubuntu"
"root","validator"
"root","vfr4bgt5Pass123"
"root","vijay@123"
"root","xiaobaitow"
"root","z1a2q3"
"root","zaq12wsx"
"root","zaq1zaq11qazXSW@3edcVFR$"
"root","zaqwsxcderfv"
"root","zxcvasdf"
"satisfactory","123456"
"satisfactory","satisfactory"
"scanner","scanner"
"sftp","123"
"sftp","123456"
"sftp","sftp"
"sftp","sftp123"
"sftp","sftp123456"
"sftpuser","sftpuser"
"sol","123456"
"sol","12345678"
"sol","jito"
"sol","latitude"
"sol","sol"
"sol","sol123"
"sol","sol@123"
"sol","solana"
"solana","123456"
"solana","12345678"
"solana","Password123"
"solana","jito"
"solana","latitude"
"solana","sol"
"solana","solana"
"solana","solana123"
"solana","solana@123"
"solr","solr"
"solr","solr123!"
"solr","solr123"
"sonar","123456"
"sonar","sonar"
"sonar","sonar123"
"steam","123"
"steam","123456"
"steam","12345678"
"steam","Passw0rd"
"steam","palworld"
"steam","password"
"steam","satisfactory"
"steam","steam"
"steam","steam."
"steam","steam123!"
"steam","steam123"
"steam","steam@123"
"subsonic","subsonic"
"subtensor","subtensor"
"sys","sys"
"sys","sys123"
"sysadmin","123456"
"sysadmin","superuser"
"sysadmin","sysadmin"
"sysadmin","sysadmin123"
"taobao","9ijn0okm"
"terraria","123456"
"terraria","terraria"
"terraria","terraria123"
"terraria","terraria@123"
"test","1"
"test","123"
"test","123123"
"test","1234"
"test","123456"
"test","12345678"
"test","123456789"
"test","1234qwer"
"test","1qaz@WSX"
"test","Aa123456"
"test","P@ssw0rd"
"test","abc123"
"test","password"
"test","test"
"test","test123"
"test","test123123"
"test","test1234"
"test","test123456"
"test","test@123"
"testuser","123456"
"testuser","testuser"
"testuser","testuser123"
"tom","123456"
"tom","tom"
"tom","tom123"
"tomcat","123456"
"tomcat","tomcat"
"tomcat","tomcat123"
"ts","ts"
"ubnt","ubnt"
"ubuntu","1"
"ubuntu","123"
"ubuntu","123123"
"ubuntu","123456"
"ubuntu","12345678"
"ubuntu","123qwe"
"ubuntu","p@ssword"
"ubuntu","passw0rd"
"ubuntu","ubuntu"
"ubuntu","ubuntu123"
"ubuntu","ubuntu123."
"ubuntu","ubuntu123123"
"ubuntu","ubuntu123456"
"ubuntu","ubuntu@123"
"uftp","123456"
"uftp","uftp"
"uftp","uftp123"
"user","1"
"user","123"
"user","123123"
"user","1234"
"user","123456"
"user","1qq2w3e4r5t"
"user","user"
"user","user123"
"user","user123123"
"user","user123456"
"user1","user"
"user1","user1"
"usr","www.usr.cn"
"uucp","123"
"uucp","123456	"
"uucp","uucp"
"vagrant","1"
"vagrant","123"
"vagrant","123456"
"vagrant","1qaz@WSX"
"vagrant","admin"
"vagrant","vagrant"
"vagrant","vagrant123"
"validator","12345678"
"validator","node"
"validator","validator"
"validator","validator123"
"validator1","validator1"
"vnc","vnc"
"vps","123"
"vps","123456"
"vps","vps"
"vps","vps123"
"vyatta","vyatta"
"vyos","vyos"
"wang","123456"
"wang","wang"
"wang","wang123"
"worker","worker"
"worker","worker123"
"www","1"
"www","123456"
"www","www"
"www","www123"
"www","www@123"
"www-data","1"
"www-data","data"
"www-data","www"
"www-data","www-data!"
"www-data","www-data"
"www-data","www-data."
"www-data","www-data123"
"yarn","yarn"
"yarn","yarn123"
"zabbix","123456"
"zabbix","zabbix"
"zookeeper","123456"
"zookeeper","zookeeper"
"zteroot","Superuser9!"
